Id	Label	weighted_eigenvector_centrality	weighted_betweenness_centrality
G000005	1 x 1 tábla	5.256720112431808e-05	1.8522661358605277e-05
G000406	115-106 Lakásgaléria	0.0007099972409783284	0.01395639150885552
G000187	20 éves az ikOn	0.0758327124267472	0.014914355614043568
G000108	2B Galéria	0.128049369463783	0.004641704652914105
G000228	320fok Siófok	0.0037083605096825847	0.0034999731687926205
G000164	4M RadaR Underground Station	0.0002608990771930499	4.123638089220303e-06
G000327	A22 Galéria	0.0019471901978000295	0.00016709257465464557
G000239	A38 Kiállítóhely	0.04442295622551545	0.004828334061773224
G000083	ABB Galéria	4.421576510006439e-05	0.008135437585075669
G000119	ABLON Galéria	3.921392527721776e-05	0.0
G000191	ACAX / Agency for Contemporary Art Exchange	0.05386888612341901	0.00698426496586482
G000184	AKKU - Alternatív Kulturális Közösségek Úniója	0.0005329139852882103	0.0
G000316	AMATÁR	0.0003784775675421187	1.8522661358605277e-05
G000070	ART EXPO	3.278989555400257e-05	0.0011747782906067522
G000372	ART&ME Galéria	0.021715074326518397	0.0
G000018	ARTFORT Monostori Erőd	0.08569917684449437	3.8863818262444046e-05
G000126	ARTUS – KAPCSOLÓTÉR	0.02069976099754727	0.0
G000274	ARTplacc Kortárs Művészeti Fesztivál	0.007296605801592376	9.931205120637963e-05
G000310	Abigail Galéria és Aukciós Ház	0.00022551500102948254	0.002795065795064947
G000122	Almássy Téri Szabadidőközpont Galéria	0.0017031054724072146	0.0
G000290	Ari Kupsus Gallery – GRAPHICS	0.027950200684782437	0.0
G000250	Ari Kupsus Galéria	0.20204508141271968	0.00026784950064887833
G000196	Art Factory Galéria I.	3.965883352446801e-06	0.0008586700959119366
G000185	Art Factory Galéria II.	0.0006966737367965664	0.003383708624019143
G000188	Art Factory Studió és Art Factory Fotó	0.002060166543721569	0.015271739480120852
G000341	Art Quarter Budapest	0.04441838859829489	0.0
G000360	Art+Text Budapest	0.003679289945299162	0.001983025014138029
G000275	Art9 Galéria	0.00935637791097228	0.0014750717991911253
G000173	ArtBázis	0.0005128719444377254	0.004864719408155882
G000284	ArtGuideEast	0.00015561760130860963	0.004953879936508599
G000121	Artitude Galéria	0.0010964212623738904	0.0
G000390	Artkartell projectspace	1.1053472906375257e-88	0.0
G000328	Artmagazin	0.00013555874139342057	0.0013934812096823282
G000066	Artpool P60	0.012419223714803602	0.00315986187735744
G000021	Ateliers Pro Arts/A.P.A.!	0.34051738157010686	0.008249615131567524
G000282	B24 Galéria	0.0071802082796047955	1.702222932935576e-05
G000351	B32 Galéria és Kultúrtér	0.019148994429959213	0.008466740493702364
G000178	B55 Kortárs Galéria	0.03707447471148106	0.0007181646146511789
G000061	BALKON - Kortárs Művészeti Folyóirat	0.00047129171337321297	0.004753066162299521
G000244	BUMBUM	1.1053472906375257e-88	0.0
G000333	BUPAP Budapesti Aszfaltprojekt	0.0015539375929871388	0.00764228617336964
G000300	BackStage Galéria	0.003452905093025981	0.00011849795168473727
G000418	Bakelit Multi Art Center	4.5144321632849424e-07	0.0
G000064	Balassi Könyvesbolt	1.0225733059819797e-06	0.0
G000336	Balatonboglári Kápolnatárlat	0.0043702060833659484	0.005842679937452607
G000329	Barabás Villa Galéria	0.003809304229019473	0.0
G000236	Barakk Galéria	6.798041541952305e-05	0.0008373857239154603
G000305	Bartók 1 Galéria	0.006211441465440045	0.0005255489448525697
G000032	Bartók 32 Galéria	0.01576001627766692	0.013467899099042582
G000369	Bartók Béla Boulevard	9.764530801705337e-05	0.012100571846041564
G000017	Bercsényi 28-30 Galéria	0.0032461939199722872	0.0005739763746240627
G000368	Bergman Galéria	0.0001400722402286583	0.004390231044395496
G000299	Blitz Galeria	0.0037110135889300193	0.005667307496067442
G000261	Blood Mountain Alapítvány	0.006993811867201502	4.712605770996012e-05
G000082	Bolt Galéria	0.004092061200987321	0.004407610437045657
G000344	Budapest Art Brut Galéria	0.005033915017495226	0.0
G000226	Budapest Fiction	9.892025366563908e-05	0.012078652267053677
G000016	Budapest Galéria	0.3071183503643451	0.04155902610224258
G000367	BudapestArtWeek	0.005699822721662091	1.558372680091057e-05
G000301	Bunker Galéria	0.0007377848344799902	0.0
G000287	BÜRO imaginaire	1.2790355390072676e-06	0.0
G000192	Bálint Ház	0.01838583936029657	0.01995692224013142
G000220	Béka Kortárs Művészeti Galéria	3.205471605823418e-05	0.0
G000073	C3 Alapítvány	0.005636015443898634	0.003602147458954865
G000216	CEU - Közép-európai Egyetem	1.3886821546181505e-05	2.0300987516161488e-06
G000356	CHANGE-CHANGE	0.0001247572655500911	0.0
G000023	Cadre Rouge Galéria	0.008000398868228632	0.0014621773178326834
G000011	Centrális Galéria	0.0069455336041492855	0.011217171407734934
G000252	Chimera-Project	0.01102250502803464	0.0003551343459608815
G000149	Chinese Characters contemporary art space / kortárs műtér	0.05857617247371417	0.0
G000074	Collegium Budapest	1.803392646872566e-05	0.02856705214955326
G000408	Concrete Project	0.00019256336288775577	0.008248690508751925
G000197	Crosstalk Video Art Festival	0.03656981620382363	0.002095547438942175
G000040	Csepel Galéria Művészetek Háza	0.010590022546314755	0.0015028408776976486
G000241	Csikász Galéria	0.003995620053939245	0.0035309242030163324
G000273	Csók István Képtár	0.0013549479797871466	0.0006377115650057369
G000221	D-udvar Galéria	0.00013199228287584825	0.005562383356074847
G000127	DINAMO	1.1053472906375257e-88	0.0
G000025	Demeter Galéria	0.0607242626560645	0.00047620084283235624
G000231	Demo Galéria	0.01787937047731138	0.0008666842153333044
G000053	Deák Erika Galéria	0.03769266503198752	0.023139211085935966
G000047	Dovin Galéria	0.015210410655911812	0.0004455206323028602
G000384	Dubniczay-palota / Magtár	1.4840160305997892e-05	1.935475504718786e-07
G000385	Dubniczay-palota / Várgaléria	2.3370499220732605e-05	0.0012354613786298386
G000104	Duna Galéria	0.002502925802455048	0.005021675175759156
G000361	Eleven Emlékmű Kritikai Műhely	0.00044911477903877774	0.04978776866464016
G000268	Enigma Arts Galéria	0.0007861632359010738	0.0
G000245	Erdész Galéria	0.0002762999321639241	0.0012561040817233513
G000279	Erdős Renée Ház	6.87441794014776e-06	0.0032152421365126017
G000057	Erlin Galéria	0.023368803288944206	0.0021575478380026656
G000143	Ernst Múzeum	0.06931144683703169	0.01789649307129152
G000338	Erzsébetvárosi Zsidó Történeti Tár	0.0002845569343421099	0.044241653364892636
G000365	Esernyős Galéria	1.993438920200975e-07	0.0
G000120	Europe-in-Art kiállítás	2.7943102166980198e-05	9.937873741218886e-05
G000117	Extra kávézó	0.00020661767183360703	0.04215132163374894
G000375	FERI	0.008382056401806807	0.0
G000340	FLUX Galéria	0.005930559869723105	0.0027605248089045123
G000405	FSzEK Budafoki Könyvtára	1.0476381621427696e-06	0.0
G000207	FUGA Budapesti Építészeti Központ	0.24026620019318962	0.014686199755741768
G000063	Faur Zsófi Galéria	0.025899519084409177	0.0026950978255676477
G000237	Fejér Megyei Művelődési Központ Művészetek Háza kiállítóterme	0.0001457411276439929	0.019498152772268296
G000283	Ferencvárosi Helytörténeti Gyűjtemény	0.0013055250365535736	0.05281400992309953
G000264	Ferencvárosi Pincegaléria	0.031260368318965996	0.00361824280009616
G000353	Ferenczy Múzeumi Centrum	0.05762041931801054	0.0067361539122073365
G000002	Fiatal Képzőművészek Stúdiója - Stúdió Galéria	0.16807375178159473	0.00029280666109587135
G000118	Fiatal Képzőművészek Stúdiója Egyesület	0.08470200513181554	0.010511068449136152
G000272	Fiatalok Fotóművészeti Stúdiója	0.003453670828954296	0.0012301051686024827
G000204	Fogasház	3.1924707530146626e-06	0.0
G000048	Francia Intézet, Budapest	0.0070957404393845	0.007633963663428487
G000045	Fészek Galéria	0.034848174173378176	0.015016510624375718
G000071	Fővárosi Képtár - Kiscelli Múzeum	0.026383531304571287	0.0036027710016265104
G000182	G13 Galéria	0.0006759159587918066	0.0041698749865457605
G000203	Galeria Neon	0.00985597285453	0.003981318730882844
G000165	Galeria White	2.60641781461213e-05	7.393711263961405e-05
G000043	Galéria 56	6.470197184849566e-06	8.156646769886313e-07
G000137	Galéria IX	0.03012989627736217	0.003024126379547341
G000146	Galéria RadaR	0.004575936420952589	0.0
G000311	Galéria X	0.00011936931374311603	0.0018470608279321386
G000394	Glassyard Galéria	0.008791769772218825	0.0009781268742618742
G000038	Godot Galéria	0.08040733914130528	0.01854516997243042
G000049	Goethe Institut Budapest	0.0016991185615365038	0.006085173805120659
G000154	Greguss Galéria	0.004712825641210458	0.0
G000102	Gutmann Galéria	0.0019022679231889428	0.00042727389489371413
G000348	Gólya Presszó és Közösségi Ház	1.4666934269998775e-05	0.0
G000208	Gödör Klub	5.190345474988402e-07	0.009340991880873806
G000246	Hal Köz Galéria	0.016267867732753932	0.0
G000292	Hegyvidék Galéria	0.026687197658406478	0.0058358932244493775
G000153	Herman Ottó Múzeum - Miskolci Galéria tagintézménye	0.0688195799594998	0.013802872667177864
G000404	Hidegszoba Stúdió	0.0005211816099762151	0.00016653141108489657
G000321	Higgs Mező	0.023891020297187145	0.0
G000199	Holdudvar Galéria - Margitsziget	0.003776263219862211	0.0
G000349	Horizont Galéria	0.003947037731500516	4.600570455587266e-05
G000269	Hybridart Space	0.005181226329436802	0.00032574630602724187
G000232	Három Hét Galéria	0.03726572134094441	0.0008727332832786672
G000136	IMPEX	0.004346901372846148	0.002515139207487567
G000399	ISBN könyv+galéria	0.00921471777098789	0.001166820038846364
G000304	Igor Metropol Studio	0.006129826993257473	0.09098536920087626
G000044	Illárium Művészeti Galéria	0.004767475212209862	0.00020574445509130449
G000033	Inda Galéria	0.22656114423027882	0.006666053830784086
G000323	Inventio Arts	0.001223603902316371	0.03515608927071218
G000024	Iparművészeti Múzeum	0.00024881162077556267	4.874186096183791e-05
G000162	Janus Pannonius Múzeum	0.0012902687353796866	0.00040525240296368666
G000317	Jurányi Galéria	0.005091334565527614	0.001620277882605997
G000324	Jászi Galéria	0.0003551570984928828	1.2202552712538895e-05
G000363	Józsefvárosi Galéria	0.00021203035338807479	0.0
G000069	K. A. S. Galéria	0.05557884650256092	0.01255972445020721
G000110	K. Petrys Ház	0.006920405190412549	0.0009078888430284781
G000373	K28 Lakás-Galéria	0.003127066650761066	0.0
G000331	KAPTÁR Galéria	2.9452187714470936e-05	7.930073248500582e-07
G000210	KLAUZÁL13 Galéria	0.004106531242847105	0.01702314480725361
G000206	KOGART Galéria	0.008173774409779944	0.00021780554179095567
G000031	KOGART Ház	0.006741196488985341	0.025853241071467338
G000314	KOGART Kiállítások Tihany	2.6055931706952777e-05	1.6938636458797245e-05
G000076	Karinthy Szalon	0.10295485149302756	0.008783997040110908
G000238	Karlsson/Svensson Contemporary, Budapest	8.451409961614424e-06	0.006492840163170238
G000010	Kassák Múzeum	0.018862146758439845	0.0025384405012565292
G000318	Kecskeméti Acélszobrászati Szimpozion	0.00014016749008222075	0.0014907350578458396
G000263	Kegyeleti Múzeum-Temetkezési és Kegyeleti Szakgyűjtemény, Fiumei úti Sírkert	0.003995145403291118	0.0
G000271	Kepes Intézet	0.01580005003450516	0.0037574407060931643
G000072	Keresztény Ifjúsági Klub	0.0011173585090113911	0.042407374560300685
G000158	Kieselbach Galéria	0.0005362763159905036	2.7152219006998257e-05
G000090	Kilátó Galéria	0.0007976074383971566	2.718882256628771e-07
G000092	KioGallery	0.0007123365522183526	0.0
G000068	Kirakat	0.0016152367357097784	0.0006823405105589076
G000089	Kis Varsó Kiállítóterem	0.0006316889162682966	0.0002772618526698142
G000189	Kis Zsinagóga - Egri Kortárs Galéria	0.019576065036898693	0.0007084204503688289
G000130	Kisterem	0.014216348566587083	0.00237449100593286
G000312	Kisüzem	8.17089521607079e-06	1.5439757071779451e-06
G000155	Kitchen Budapest	9.52343988753346e-05	0.0
G000200	Kléh	0.002521416699366213	0.14024970816937127
G000054	Knoll Galéria	0.026317479562946177	0.001523164543272002
G000180	Koller Galéria	0.002241498224515282	0.0
G000131	Kolta Galéria	0.0011255100141110063	0.004684770072284204
G000397	Kondor Béla Közösségi Ház és Intézményei	0.007163079675476828	4.377400433172321e-05
G000319	Kontra Klub	0.0010323940227003295	0.005774919558283314
G000407	Koreai Kulturális Központ	0.009088616721124126	0.0004968848039820257
G000377	Kortárs Műgyűjtő Akadémia – CCA	0.0001185150806927666	0.0
G000027	Kortárs Művészeti Intézet, Dunaújváros	0.15426369553527455	0.010826381867465503
G000355	Kortárs Művészetért Alapítvány	0.0007967114454770625	0.0009860056614130913
G000413	Kultúrkúria	0.001537393765843024	8.59019937904111e-05
G000286	KÉK - Kortárs Építészeti Központ	0.0001739467600924782	0.00036983018841355074
G000411	Kálmán Makláry Fine Arts	0.02675881387634445	0.004717146398610582
G000417	Kápolna Galéria	0.0001370003206388878	0.03367383580788205
G000008	Képíró Galéria	0.0018052180931280983	3.602873626849204e-05
G000093	Körmendi Galéria Budapest	0.0006334246609185106	0.0
G000128	Körmendi Galéria Sopron	0.0010489240329435011	0.01881284748155725
G000135	Körzőgyár	0.0057102534262486885	0.003729451728228542
G000254	Körönd Galéria	0.0012665941299939505	0.009352411186351646
G000079	Közelítés Galéria	0.001053420724497599	4.673666151085965e-05
G000026	Köztéri Képzőművészeti Project	0.06772412438582742	0.0046819152459147435
G000306	Közösségi Méz	0.0005397077764699402	0.0011625950474779807
G000352	LAOS kiállítótér	0.0005093485391210411	0.0
G000313	LATARKA - Kortárs Művészeti Galéria	0.05950405063018869	0.0006784108484986085
G000420	LAVOR Collective Art Salon	0.004541492924294734	0.0019860680417560315
G000169	LIGHTBOX	2.522162596821035e-05	6.717238516376964e-07
G000219	LUK	0.001100972120407279	0.0
G000176	La Galerie Sofitel	1.337052596000199e-06	0.0
G000160	Labor	0.03642265154505558	0.007077324561490416
G000193	Labor Kísérleti Kultúrtér	0.0009734461596171651	0.014022640783641226
G000335	Lakástárlat Szentendre	0.001066629634685514	0.0002584635559367922
G000091	Lengyel Intézet Budapest	0.002916578828436282	0.0003663022027568719
G000007	Liget Galéria	0.17711430834856462	0.03365552010924595
G000029	Light & Loft Gallery	1.7515264315641034e-05	0.0
G000309	Limes Galéria	0.00011478937737067723	0.0013652160075856476
G000303	Ludwig Lépcső	0.00044469311632205254	0.014016081203921213
G000028	Ludwig Múzeum - Kortárs Művészeti Múzeum	0.1801404780054513	0.009468024601058576
G000034	Lumen Galéria	0.0005931369833879927	3.992410650619496e-05
G000036	Lux Galéria - Works on Paper	0.003951242893633583	2.886546662454212e-05
G000194	Léna & Roselli Galéria	0.08388026869500893	0.0010307316028211782
G000003	MAMŰ Galéria	0.09017090028770255	0.012494369391906585
G000337	MANK Galéria	0.0016705127899046006	0.0005751064155635249
G000087	MEO - Kortárs Művészeti Gyűjtemény	0.009002568695931926	0.0034080913520001177
G000393	MERSZ Klub	3.0754695099352007e-07	0.0
G000339	MET Galéria	0.12941861942941915	0.0007729645243963045
G000113	MG Galéria	0.006002613648821161	9.583418903911533e-05
G000388	MNM Semmelweis Orvostörténeti Múzeum, Könyvtár és Adattár	0.0006733372330745853	0.0
G000296	MOHA Kultúrtér	0.018462826131490702	0.0
G000217	MOME	0.00033453840257288047	0.0
G000145	MONO Kortárs Művészeti Galéria	0.0051708521337797035	3.208281062821949e-05
G000212	MTA Művészeti Gyűjtemény	0.0006210338136331148	2.718882256628771e-07
G000202	Madách Imre Művelődési Központ, Vác	0.0002127155113199463	0.015656675497421887
G000198	Magyar Alkotóművészek Háza	0.0005535429092303388	0.058910142579260624
G000389	Magyar Festészet Napja	0.014822052769811628	0.00013171098713627268
G000085	Magyar Fotográfiai Múzeum	6.227402010066872e-05	0.0011286708391419675
G000058	Magyar Fotográfusok Háza - Mai Manó Ház	0.02365819534916259	0.03752751984437092
G000046	Magyar Képzőművészeti Egyetem	0.051961126140378164	0.00697767750254833
G000125	Magyar Műhely Galéria	0.0578048408436668	0.0020287596155169666
G000253	Magyar Nemzeti Galéria	0.017497858136790237	0.008558451933157137
G000366	Magyar Zsidó Múzeum és Levéltár	3.708314899514349e-05	0.0
G000213	Makett Labor	0.0007365600441954512	0.07304698194151983
G000100	Meander Galéria	0.00012821832194723985	0.017380832477629213
G000293	Medence Szalon	0.0005822058416548601	0.00037560460865796136
G000280	Medgyessy Ferenc Emlékmúzeum Kortárs Művészeti Galériája	0.0005632635264814596	0.042106824696413435
G000175	Memoart Galéria	0.01621769813227886	0.0021993576226061163
G000242	Merlin	0.003925704479801022	0.0
G000172	Millenáris - Piros-Fekete Galéria	0.0017801309755006353	0.008081956393313999
G000163	Millenáris - Pixel Galéria	0.0012267453995202073	0.004605827202569678
G000114	Millenáris park	0.0075974206277249845	5.157057015428778e-05
G000262	Minden ember művész: a művészet tőke	0.002595158674779879	0.0
G000065	Miskolci Kortárs Művészeti Intézet (M.ICA)	0.03082131609177283	1.8627742060727867e-05
G000214	Miskolci Kortárs Művészeti Intézet (M.ICA) - ZOOM	0.0013589494036785625	1.8522661358605277e-05
G000006	MissionArt Galéria Budapest	0.017587615896119964	0.002998678247438698
G000186	MissionArt Galéria Miskolc	0.0037278726593236245	0.004027343926815769
G000139	Modem Modern és Kortárs Művészeti Központ	0.039577749864666334	0.010210783276201812
G000386	Modern Képtár – Vass László Gyűjtemény és Galéria	0.0006454040616107431	0.0005720415849965636
G000179	Molnár Ani Galéria	0.009057385100076152	0.0033025126262027733
G000342	Mono Art & Design	0.0015650739456404186	2.152699148386477e-05
G000116	Mucius Museum	0.02037816946569587	0.000536823522917818
G000383	MyMuseum Galéria	0.004127599760716375	0.0
G000298	MÜSZI	0.002601488161417476	0.0
G000012	Mű-Terem Kiállító	0.00045633556891356143	0.00010193442292038879
G000148	Mű-vész Pince	0.0012159945365727229	0.00017300735572366754
G000009	Műcsarnok	0.42948066443938177	0.03826395071292325
G000343	Műcsarnok – M0	3.039307317947904e-05	0.0
G000266	Műcsarnok – Mélycsarnok	0.026322281608404545	0.0004084373516791541
G000095	Műterem Galéria	0.00012087875556047698	0.0
G000382	Műtő	0.001449149656025744	0.002872222253758714
G000307	Művészet Malom	0.00542943318020758	0.002284060268867399
G000235	Művészet mindenkinek	0.0027011880943799225	0.0026345004924899574
G000230	Művészetek Háza Miskolc	0.0009810109250074984	1.8522661358605277e-05
G000112	N&n Galéria	0.0009902146602733559	0.0005853735986754716
G000105	Nagy Balogh János kiállítóterem	0.0025824350634202115	0.00013430444626050814
G000150	Nessim Galéria	0.017566626626958577	0.0
G000159	NextArt Galéria	0.003162355237865716	0.0009256628775843063
G000294	Novák Fotó Galéria	1.1053472906375257e-88	0.0
G000218	Nyitott Műhely	0.00033956569274736073	0.0
G000380	Nyíregyházi Városi Galéria	7.367845166413381e-05	0.0
G000233	Nádor Galéria	0.0030909210732290395	0.001616133315677398
G000234	Nádor Galéria Art&Med Kulturális Központ	0.020736032990295514	0.009693607377355206
G000123	Néprajzi Múzeum	0.001154698479778824	0.00553731784994104
G000129	OCTOGONART Galéria	0.005614349067620253	0.0002726109576257561
G000410	OFF-Biennále Budapest	0.0006164265611542524	3.806610018435854e-05
G000345	OFF-Biennálé 2015	0.02875231764551764	0.002831646140616819
G000395	OFF-Biennálé 2017	0.12732721615134382	0.0031162732611751984
G000350	Omnivore Gallery	0.002291273996759417	0.0
G000251	Osztrák Kulturális Fórum kiállítóterme	0.009812013155733374	0.0017556666918577722
G000247	PANEL contemporary	0.006242274158499492	0.0
G000378	PH21 Galéria	0.0031091476181325122	2.2838610955681675e-06
G000376	PINCE	0.00028616637275194555	0.0
G000257	PLACCC Fesztivál	2.392925082728243e-05	0.0
G000227	POVVERA	0.002275917835386539	9.777182678316026e-05
G000086	PROTOKOLL	0.002694313032390755	1.8522661358605277e-05
G000381	PTE Művészeti Kar Doktori Iskola	0.0035863344916567683	2.718882256628771e-07
G000157	Paksi Képtár	0.01521699781837937	0.00422005975636985
G000364	Pannonhalmi Főapátság	0.003302673181884755	0.006975269818555922
G000201	Park Galéria	0.012151245936219067	0.010957119061849964
G000109	Parthenon-fríz Terem	0.05358572924058321	0.0036320123688348225
G000134	Parti Galéria	0.016635607337837394	0.006350773806314377
G000302	Pepita Ofélia Bár	0.0022050510842311927	0.003839630727516262
G000346	Pepper Art Projects	6.187928362155631e-08	0.0
G000409	Pesti Vigadó	0.0048815555163707535	0.0
G000077	Petőfi Irodalmi Múzeum	0.0005126255999790533	2.2838610955681676e-05
G000270	Pinceszínház	0.005113774021514368	2.718882256628771e-07
G000096	Pintér Sonja Kortárs Galéria	0.012834804965028241	0.0009749450096960831
G000060	Platán Galéria	0.034445167081916646	0.007568801934229142
G000215	Ponton Galéria	0.00015399063014569898	2.6842037816552202e-05
G000248	Present Szalon & Galéria	1.0779798192983502e-05	0.0
G000223	Prestige Galéria	0.001785932963577415	0.0056257476332784535
G000209	Printa Gallery	0.007974599344488553	0.00037198279746122176
G000265	Próféta Galéria	0.00786791170784661	0.0006572333073056085
G000097	Puskin Galéria	1.1270259055039406e-06	0.0
G000142	Pécs Városi Képtár (Antal-Lusztig Gyűjtemény)	0.0012070559837023033	0.0
G000059	Pécsi Galéria	0.0036358739487358056	0.0047945638950864355
G000062	Pécsi Galéria m21	0.016092266850309726	0.0033780117690801414
G000285	QWERTmozi Galéria	0.0013548917239109397	0.001706800224527055
G000147	REAKTOR	0.000609643909705157	0.00045595100646462794
G000222	ROHAM Galéria	0.045238864957083784	0.0
G000398	RS9 Színház	6.150939019870401e-07	0.0
G000101	Raiffeisen Galéria	0.0157057002711718	0.010718687518779555
G000371	Random Galéria	0.0006125622080281714	0.0793841801420258
G000370	Resident Art Budapest	0.02051541640922041	0.006256180517292939
G000107	Retorta Galéria	0.01029311349806136	0.0001972328663980955
G000325	Robert Capa Kortárs Fotográfiai Központ	0.06972384067375054	0.0012474642311592257
G000267	RohamKávézóGaléria KVG	0.0048210344308931945	0.0
G000401	Rugógyár Galéria	0.00020795092020679055	0.0019257915246502825
G000211	Ráday Képesház	0.0007286512513465753	0.00015384899953200837
G000330	Rákospalotai Múzeum 	0.00010803091279060466	0.001613180820355189
G000022	Régi Budapest Galéria (2013-ig)	0.10622152455602851	0.0180977379378617
G000332	Rögtön Jövök! Projekt Galéria	0.0002699551747377406	0.024301737979337303
G000277	Sajtóház Galéria	3.6204787686476956e-06	0.0
G000020	San Marco Galéria	0.0004328283108434954	0.0046819152459147435
G000106	Secco Galéria	0.0005838342639210561	0.004955476498703721
G000403	Sesztina Galéria	5.494558810448145e-05	0.0
G000396	Sikósi Vár	0.00010407793306714842	0.01198230324491173
G000224	Stoll'Art Kortárs Művészeti Galéria	7.34575311289375e-05	0.008526058513011307
G000195	Studio 1900 Galéria	0.00013631235196735406	0.0
G000243	Symbol Art Galéria	0.023756798589147445	0.0
G000291	Szabad Művészek	0.00020218378081666738	0.02274942143639472
G000229	Szatyor Bár és Galéria	0.006594101405112483	8.063645596945556e-05
G000354	Szenecsár Galéria	0.015777259157359665	0.0
G000391	Szent István Bazilika	4.347338020051407e-05	0.011442402746891135
G000019	Szent István Király Múzeum, Rendház	0.0036715212463949336	0.005362732655556458
G000094	Szent István Király Múzeum, Székesfehérvár	0.01999272328423402	0.0052874077702881
G000415	Szerbtemplom Galéria	0.0017745587684138168	0.01676606148659264
G000081	Sziget Galéria	1.7581397381666194e-05	0.009150670122909791
G000156	Szinyei Szalon	1.1053472906375257e-88	0.0
G000115	Szlovák Intézet	0.021628196046536066	3.7870440201242836e-05
G000362	Szolnoki Múzeum	0.0004207031778031028	0.0
G000132	Szolnoki Művésztelep - KERT Galéria	0.2575387258071777	7.088871543004798e-05
G000042	Szombathelyi Képtár	0.012044298854381534	0.003952999558350696
G000205	Szépművészeti Múzeum	5.4051685149155484e-05	0.0
G000152	Szív Studios	3.8314376858187505e-05	0.00013711739221529255
G000320	Szövetség ’39 Művészeti Bázis	8.857468061918232e-05	0.004526947851395306
G000347	TERRARIUM - CCA Budapest	0.002249418688246688	0.00010403025725740027
G000225	Tat Contemporary Art Gallery	0.08045139689030031	0.005803106112434453
G000255	Telep Galéria	0.05744155929912781	0.0003652230598848351
G000358	Titok Galéria	1.1053472906375257e-88	0.0
G000414	Toldi Mozi	4.687689925876453e-05	1.8522661358605277e-05
G000056	Trafó Galéria	0.1291908509911909	0.021126779591643247
G000256	Tragor Ignác Múzeum	0.001975041548399285	0.004879029480765023
G000281	Trailer Galéria	8.366401489817794e-05	0.004138066281107861
G000111	Tranzit Art Kávéház	0.005928699765201888	0.0021514592088181083
G000288	Trapéz	0.004564625229084021	0.00014204873975195298
G000295	Társalgó Galéria	3.2856760123045613e-07	0.0
G000080	Tölgyfa Galéria	0.0004489154886637718	0.0
G000030	Tűzraktér	0.000981967792844539	5.823845793698827e-05
G000260	U-Fesztivál	1.1053472906375257e-88	0.0
G000051	U.F.F. Galéria	0.00028235166851473713	0.0
G000419	UP Galéria	0.00010908814764350615	0.00320505541597436
G000357	UVG art gallery	0.008043104729160993	6.344058598800466e-07
G000374	Udvarház Galéria	0.006069643392200658	0.0008683415148942448
G000084	V. A. M. rs Gaéria	0.003599957585280652	0.0035702173296566185
G000183	VILTIN Galéria	0.06019857249016664	0.003940367945514194
G000088	Vadnai Galéria	0.007629329560458761	0.004106193308321692
G000124	Vajda Lajos Stúdió Pinceműhely, Szentendre	0.008638849946568624	0.01417372106969764
G000035	Vam Art & Design Galéria	0.001456760978289362	0.0
G000144	Vasarely Múzeum	0.009007450458599504	0.007011970284637073
G000387	Vaszary Galéria	0.0001410995699382095	0.012043426984549984
G000004	Videospace Budapest	0.02888408230926491	0.014249692857353214
G000014	Vigadó Galéria	8.793481736609988e-05	4.407188187307445e-05
G000037	Vintage Galéria	0.04371395386432116	0.011083755616566254
G000174	Virág Judit Kortárs Galéria	0.0009994423873469222	0.002180536031060141
G000412	Visual Studies Platform (VSP) at CEU	5.7205977053670004e-05	0.0
G000052	Vizivárosi Galéria	0.018048477914293478	0.012912416329519814
G000170	Volksbank Galéria Buda	0.004011519664546369	0.0020581216234746525
G000167	Volksbank Galéria Rózsadomb	0.0007373637776063106	0.00019024316471406613
G000168	Volksbank Galéria Szeged	0.0004212687763514203	0.05071809743165919
G000171	Volksbank Galéria Székesfehérvár	0.00035124759026571527	0.008483478811625542
G000067	Volksbank Galéria Újbuda	0.0010236757305410187	0.02372002213529366
G000240	Várfok Galéria	0.0978706695434845	0.012244960448195457
G000013	Várfok Galéria - Várfok Terem	0.013869917220388146	0.0032358372932084377
G000015	Várfok Galéria - XO Terem	0.005787239492716591	0.00034945581413711453
G000166	Várfok Project Room	0.022569796071059852	0.0012505585965146386
G000400	Várkert Bazár	0.000913765997785134	0.0012961934284137935
G000075	Vármegye Galéria	0.0001903879990660092	0.004796041484933974
G000138	Városi Képtár - Deák Gyűjtemény, Székesfehérvár	0.015913660193857277	0.0009527259284202016
G000140	Városi Képtár - Pelikán Galéria, Székesfehérvár	0.010836081267722526	0.0015618513402356725
G000001	Városi Művészeti Múzeum Képtára, Győr	0.0029991942506243673	0.00040145982548850666
G000151	WAX Kultúrgyár	0.003876282044308212	0.0
G000190	Werk Galéria	0.004188591109963354	0.0
G000308	ZOLTAN+	2.299810408669883e-07	0.0
G000039	Zenit Galeria	0.0016007422727353224	0.004676205593175823
G000141	Zeroglab  Überground	0.00011523465522969181	5.709652738920419e-06
G000181	Zichy kastély Zsámbék	0.0009449184035298755	0.0014318263644242772
G000103	acb Kortárs Művészeti Galéria	0.07558898702506932	0.004151417957382975
G000334	aica.hu	2.11414235182239e-05	0.0
G000078	boulevardésbrezsnyev Galéria	0.0379709752485692	0.0023470212350533304
G000359	byArt Galéria	1.1053472906375257e-88	0.0
G000297	cARTc	0.004162654727513153	0.002393758216222196
G000322	független képzőművészeti tanszék / f...k	0.00021564801387777342	0.030288376445923415
G000278	ikon.hu	0.0002811580551654626	0.0
G000098	kArton Galéria és Múzeum - raktArt	0.10805807025687654	0.0011580651016271468
G000379	műtárgy.com	0.003026781352366649	0.0
G000258	noMade Galéria	0.005673398172788286	7.272208635451513e-05
G000326	re:public	5.980852667722074e-05	0.010794400181575525
G000276	secret-areas.com	0.00479158957849402	0.0005001208901477105
G000161	tranzit.hu	0.028818733919618856	0.00018401122869205272
G000402	Átrium Galéria	0.0005456135736382893	0.01359221307355209
G000416	Érdi Galéria	0.00021284232001929113	0.018926155807262708
G000055	Éri Galéria	0.0003493826159483062	0.0046819152459147435
G000289	Írók Boltja	0.0054381607371702485	0.0037067504214572467
G000099	Óbudai Pincegaléria	0.0011057936464188023	0.0
G000050	Óbudai Társaskör Galéria	0.06727022116071144	0.013775218346116025
G000315	Új Budapest Galéria	0.050932293247922845	0.022705648676423794
G000259	Új Magyar Képtár	0.012582419853366774	0.003336720897339901
G000249	Új Művészet folyóirat	0.020146219973109693	1.4567974470569978e-05
G000133	Új Színház Galéria	0.00038771450190371417	0.0010274393745620626
G000392	Újbuda Galéria	0.006256176150082647	0.0
G000177	Újlipótvárosi Klub Galéria	0.009703152122383289	0.0015813256444623953
G000041	Újpest Galéria	7.973922892670618e-05	0.0003504224996323891
